{
  "id": "E102",
  "timestamp": "2026-03-18T01:41:32.308133+00:00",
  "world": "mathematics",
  "data_source": "Multiple ProtoScience datasets + NIST constants",
  "status": "partial",
  "design": {
    "description": "Test Benford's law (first digit distribution) across 8 natural datasets spanning physics, biology, economics, and geology",
    "n_datasets": 8,
    "total_values": 394
  },
  "result": {
    "dataset_results": [
      {
        "name": "Country populations",
        "n": 85,
        "observed": {
          "1": 0.29411764705882354,
          "2": 0.12941176470588237,
          "3": 0.16470588235294117,
          "4": 0.10588235294117647,
          "5": 0.09411764705882353,
          "6": 0.09411764705882353,
          "7": 0.011764705882352941,
          "8": 0.07058823529411765,
          "9": 0.03529411764705882
        },
        "chi2": 7.351886729673478,
        "mad": 0.024507212658645923,
        "correlation": 0.9313718118132427,
        "r2": 0.8630182210968198,
        "conforms": false
      },
      {
        "name": "GDP per capita",
        "n": 46,
        "observed": {
          "1": 0.21739130434782608,
          "2": 0.13043478260869565,
          "3": 0.13043478260869565,
          "4": 0.15217391304347827,
          "5": 0.13043478260869565,
          "6": 0.10869565217391304,
          "7": 0.021739130434782608,
          "8": 0.06521739130434782,
          "9": 0.043478260869565216
        },
        "chi2": 7.023625156090884,
        "mad": 0.037294936443812175,
        "correlation": 0.8227086784451678,
        "r2": 0.3726800629236471,
        "conforms": false
      },
      {
        "name": "City populations",
        "n": 72,
        "observed": {
          "1": 0.2222222222222222,
          "2": 0.1111111111111111,
          "3": 0.18055555555555555,
          "4": 0.125,
          "5": 0.041666666666666664,
          "6": 0.1527777777777778,
          "7": 0.06944444444444445,
          "8": 0.05555555555555555,
          "9": 0.041666666666666664
        },
        "chi2": 14.9999129400774,
        "mad": 0.04119851659139906,
        "correlation": 0.7568823988843402,
        "r2": 0.3071033979946599,
        "conforms": false
      },
      {
        "name": "Earthquake energies",
        "n": 50,
        "observed": {
          "1": 0.34,
          "2": 0.14,
          "3": 0.16,
          "4": 0.04,
          "5": 0.12,
          "6": 0.04,
          "7": 0.12,
          "8": 0.04,
          "9": 0.0
        },
        "chi2": 10.104078080751059,
        "mad": 0.039301794378312736,
        "correlation": 0.9058640451455502,
        "r2": 0.8109626904140145,
        "conforms": false
      },
      {
        "name": "Star luminosities",
        "n": 32,
        "observed": {
          "1": 0.34375,
          "2": 0.15625,
          "3": 0.125,
          "4": 0.09375,
          "5": 0.0625,
          "6": 0.0625,
          "7": 0.0625,
          "8": 0.09375,
          "9": 0.0
        },
        "chi2": 3.001344296084528,
        "mad": 0.01997484406725574,
        "correlation": 0.9644345070811745,
        "r2": 0.9154940286902672,
        "conforms": true
      },
      {
        "name": "Mammal body masses",
        "n": 41,
        "observed": {
          "1": 0.2926829268292683,
          "2": 0.1951219512195122,
          "3": 0.12195121951219512,
          "4": 0.07317073170731707,
          "5": 0.12195121951219512,
          "6": 0.04878048780487805,
          "7": 0.0975609756097561,
          "8": 0.0,
          "9": 0.04878048780487805
        },
        "chi2": 4.696861354350998,
        "mad": 0.02319837588992745,
        "correlation": 0.9388170820199597,
        "r2": 0.8813707080772881,
        "conforms": false
      },
      {
        "name": "Physical constants",
        "n": 34,
        "observed": {
          "1": 0.38235294117647056,
          "2": 0.11764705882352941,
          "3": 0.08823529411764706,
          "4": 0.029411764705882353,
          "5": 0.11764705882352941,
          "6": 0.11764705882352941,
          "7": 0.029411764705882353,
          "8": 0.058823529411764705,
          "9": 0.058823529411764705
        },
        "chi2": 5.95719046411919,
        "mad": 0.0424946829548407,
        "correlation": 0.8884942004735,
        "r2": 0.7739835168043333,
        "conforms": false
      },
      {
        "name": "Nuclear half-lives",
        "n": 34,
        "observed": {
          "1": 0.3235294117647059,
          "2": 0.17647058823529413,
          "3": 0.11764705882352941,
          "4": 0.058823529411764705,
          "5": 0.029411764705882353,
          "6": 0.14705882352941177,
          "7": 0.08823529411764706,
          "8": 0.058823529411764705,
          "9": 0.0
        },
        "chi2": 7.0347807727040825,
        "mad": 0.031312251840773304,
        "correlation": 0.9049155273808569,
        "r2": 0.8155229791727968,
        "conforms": false
      }
    ],
    "aggregate": {
      "name": "ALL COMBINED",
      "n": 394,
      "observed": {
        "1": 0.2918781725888325,
        "2": 0.13959390862944163,
        "3": 0.1446700507614213,
        "4": 0.09137055837563451,
        "5": 0.08883248730964467,
        "6": 0.09898477157360407,
        "7": 0.0583756345177665,
        "8": 0.05583756345177665,
        "9": 0.030456852791878174
      },
      "chi2": 13.13279164278256,
      "mad": 0.014775392422801601,
      "correlation": 0.9704879180968853,
      "r2": 0.93307558371726,
      "conforms": true
    },
    "n_conforming": 1,
    "mean_correlation": 0.889186031405474,
    "mean_mad": 0.03241032685312089,
    "verdict": "PARTIAL"
  }
}